link,title,Emails
https://www.google.com/aclk?sa=l&ai=DChcSEwi_3Lity_aGAxUGo2gJHfoPCKAYABAHGgJ3Zg&ase=2&gclid=EAIaIQobChMIv9y4rcv2hgMVBqNoCR36DwigEBAYASAAEgJJyvD_BwE&sig=AOD64_3MBmG3vTc6l3hHG5UZNe9-bUmczw&q=&nis=4&ctype=99&ved=2ahUKEwiiw7Gty_aGAxWaRPEDHf1sB3A4KBCErAF6BAguEA4&adurl=,Baker Tilly,learning@bakertilly.com
https://www.google.com/aclk?sa=l&ai=DChcSEwi_3Lity_aGAxUGo2gJHfoPCKAYABAAGgJ3Zg&ase=2&gclid=EAIaIQobChMIv9y4rcv2hgMVBqNoCR36DwigEBAYAiAAEgLFBPD_BwE&sig=AOD64_334sw2L07UoIEUdhWQqx2Abn70gg&q=&nis=4&ctype=99&ved=2ahUKEwiiw7Gty_aGAxWaRPEDHf1sB3A4KBCErAF6BAguEB4&adurl=,Lifeline Technology Solutions,bef25b3d9b2f47239e8bfd2d7e0f2159@sentry.io
http://www.cgsinc.com/,CGS (Computer Generated Solutions),chris.price@bakertilly.com
https://www.smartly.io/,Smartly New York,privacy@cision.com
https://near.com/,Near,info@elephantventures.com
https://www.infosys.com/,Infosys Americas,solutions@nettitude.com
http://www.helloconstellation.com/,Constellation,hello@tribegroup.co
http://www.cision.com/,Cision NYC,hello@codeclimate.com
https://www.spotnana.com/,Spotnana,info@parallelmarkets.com
http://www.elephantventures.com/,Elephant Ventures,605a7baede844d278b89dc95ae0a9123@sentry-next.wixpress.com
https://www.nettitude.com/,Nettitude Inc,info@localplatform.com
http://www.ocrolus.com/,Ocrolus,info@infograins.com
https://loudspot.com/,LoudSpot,lekker@qodeinteractive.com
https://www.tribegroup.co/,TRIBE,learning@bakertilly.com
http://softtechhealth.com/,SoftTech Health,bef25b3d9b2f47239e8bfd2d7e0f2159@sentry.io
https://codeclimate.com/,Code Climate,chris.price@bakertilly.com
http://www.coservit.com/,Coservit,hello@ility.com
http://www.inecta.com/,inecta Food ERP,info@cobblestonedigital.com
https://passbase.com/,Passbase,learning@bakertilly.com
http://localplatform.com/,LocalPlatform,ann.blakely@bakertilly.com
https://www.google.com/aclk?sa=l&ai=DChcSEwi_3Lity_aGAxUGo2gJHfoPCKAYABAHGgJ3Zg&ase=2&gclid=EAIaIQobChMIv9y4rcv2hgMVBqNoCR36DwigEBAYASAAEgJJyvD_BwE&sig=AOD64_3MBmG3vTc6l3hHG5UZNe9-bUmczw&q=&nis=4&ctype=99&ved=2ahUKEwiiw7Gty_aGAxWaRPEDHf1sB3A4KBCErAF6BAguEA4&adurl=,Baker Tilly,bef25b3d9b2f47239e8bfd2d7e0f2159@sentry.io
https://www.google.com/aclk?sa=l&ai=DChcSEwi_3Lity_aGAxUGo2gJHfoPCKAYABAAGgJ3Zg&ase=2&gclid=EAIaIQobChMIv9y4rcv2hgMVBqNoCR36DwigEBAYAiAAEgLFBPD_BwE&sig=AOD64_334sw2L07UoIEUdhWQqx2Abn70gg&q=&nis=4&ctype=99&ved=2ahUKEwiiw7Gty_aGAxWaRPEDHf1sB3A4KBCErAF6BAguEB4&adurl=,Lifeline Technology Solutions,hello@torii.co
http://www.cgsinc.com/,CGS (Computer Generated Solutions),hosting@directive.com
https://www.smartly.io/,Smartly New York,learning@bakertilly.com
https://near.com/,Near,ann.blakely@bakertilly.com
https://www.infosys.com/,Infosys Americas,info@ppllc.com
http://www.helloconstellation.com/,Constellation,info@dragonmetrics.com
http://www.cision.com/,Cision NYC,20190313-faster-ranking-updates-thumbnail@2x.png
https://www.spotnana.com/,Spotnana,baidu-seo-1-2@2x.png
http://www.elephantventures.com/,Elephant Ventures,2024-04-29-confirmation-bias-thumbnail@2x.png
https://www.nettitude.com/,Nettitude Inc,hello@theresidesk.com
http://www.ocrolus.com/,Ocrolus,hello@linqlegal.com
https://loudspot.com/,LoudSpot,bef25b3d9b2f47239e8bfd2d7e0f2159@sentry.io
https://www.tribegroup.co/,TRIBE,chris.price@bakertilly.com
http://softtechhealth.com/,SoftTech Health,sales@jobdiva.com
https://codeclimate.com/,Code Climate,Roadnight-taylor-logo@2x-65x65.webp
http://www.coservit.com/,,Roadnight-taylor-logo@2x-150x150.webp
https://axio.com/,Axio,info@ocean7.com
http://www.bluecore.com/,Bluecore,learning@bakertilly.com
http://www.hyperscience.com/,Hyperscience,bef25b3d9b2f47239e8bfd2d7e0f2159@sentry.io
https://infograins.com/,Infograins INC | Blockchain | Defi | Dapps | Smart Contract | NFT Development | Enterprise Blockchain | New York USA,chris.price@bakertilly.com
https://www.codepwr.com/,Code Power,
http://www.northstarplus.com/,Northstar Technologies Inc,
http://www.intraworlds.com/,IntraWorlds Inc.,
https://www.prutech.com/,"PruTech Solutions, Inc.",
http://colinlacherdis.com/,Lekker,
https://ideausher.com/,Idea Usher,
https://www.googleadservices.com/pagead/aclk?sa=L&ai=DChcSEwjRtr_Fy_aGAxUWi2gJHVB4AbcYABAAGgJ3Zg&ase=2&gclid=EAIaIQobChMI0ba_xcv2hgMVFotoCR1QeAG3EBAYASAAEgJa5PD_BwE&ohost=www.google.com&cid=CAASEuRoRCUcIQ7F2xu51A534RK0Vw&sig=AOD64_1QS8Ol1HgQ94O5G1kZMluqStRY-A&q=&nis=4&ctype=99&ved=2ahUKEwjzpLjFy_aGAxX-SPEDHXAtBX44UBCErAF6BAghEA4&adurl=,Baker Tilly,
https://www.canary.is/,Canary Connect,
https://ility.com/,ility,
https://www.vancery.com/,Vancery,
http://www.convos.com/,CONVOS,
http://cobblestonedigital.com/,"Cobblestone Digital, LLC",
https://www.googleadservices.com/pagead/aclk?sa=L&ai=DChcSEwiH5t3Qy_aGAxVgBQYAHRfjBdkYABAAGgJ3cw&ase=2&gclid=EAIaIQobChMIh-bd0Mv2hgMVYAUGAB0X4wXZEBAYASAAEgI-L_D_BwE&ohost=www.google.com&cid=CAASEuRooE9w80zG4NryP8BuFrbxwA&sig=AOD64_101vVSj8TGbqb2mno_UJvMb8Iyvg&q=&nis=4&ctype=99&ved=2ahUKEwjOjdbQy_aGAxVpQ_EDHZzlBjE4ZBCErAF6BAghEA4&adurl=,Baker Tilly,
https://torii.studio/?utm_source=google&utm_medium=organic&utm_campaign=Google_My_Business,Torii Studio,
http://occupier.com/,Occupier,
http://www.sourcemap.com/,Sourcemap Inc,
https://www.rippling.com/,Rippling,
http://reliablebits.io/,Reliable Bits,
http://www.thegoldensource.com/,GoldenSource Corporation,
http://macrotechusa.com/,Macro Tech,
https://embark.com/,Embark Corporation,
https://www.googleadservices.com/pagead/aclk?sa=L&ai=DChcSEwiYoaXcy_aGAxXatWgJHV2kDqcYABAAGgJ3Zg&ase=2&gclid=EAIaIQobChMImKGl3Mv2hgMV2rVoCR1dpA6nEBAYASAAEgKrd_D_BwE&ohost=www.google.com&cid=CAASEuRoeCjHBLfQ7myEFE6x6t66Jw&sig=AOD64_0qXlyUOBjOuikcVeIH_kPl7qoYHA&q=&nis=4&ctype=99&ved=2ahUKEwjYiZ3cy_aGAxWqc_EDHaUMA4E4eBCErAF6BAgbEA4&adurl=,Baker Tilly,
http://activationstore.com/,ACTIVATIONSTORE,
http://www.ppllc.com/,Principia Partners LLC,
http://cirrus-nexus.com/,Cirrus Nexus,
https://www.dragonmetrics.com/,Dragon Metrics,
https://nyshex.com/,New York Shipping Exchange,
http://hello.theresidesk.com/,ResiDesk,
http://linqlegal.com/,,
https://www.googleadservices.com/pagead/aclk?sa=L&ai=DChcSEwi9yPD7y_aGAxVPBgYAHfa-DUoYABAHGgJ3cw&ase=2&gclid=EAIaIQobChMIvcjw-8v2hgMVTwYGAB32vg1KEBAYASAAEgIVYfD_BwE&ohost=www.google.com&cid=CAASEuRotjqcZnaeOu10SIOAf4kjrA&sig=AOD64_2sHb1QUZlg-n37HfCzMUzEh1_C2Q&q=&nis=4&ctype=99&ved=2ahUKEwiDkOn7y_aGAxUeevEDHXnuDjI4eBCErAF6BAgxEA4&adurl=,Baker Tilly,
https://www.googleadservices.com/pagead/aclk?sa=L&ai=DChcSEwi9yPD7y_aGAxVPBgYAHfa-DUoYABAAGgJ3cw&ase=2&gclid=EAIaIQobChMIvcjw-8v2hgMVTwYGAB32vg1KEBAYAiAAEgKPifD_BwE&ohost=www.google.com&cid=CAASEuRotjqcZnaeOu10SIOAf4kjrA&sig=AOD64_34Eu6-XLfGY6mGULtEAtLykVSZKg&q=&nis=4&ctype=99&ved=2ahUKEwiDkOn7y_aGAxUeevEDHXnuDjI4eBCErAF6BAgxEB4&adurl=,Canas Solutions,
http://activationstore.com/,ACTIVATIONSTORE,
http://www.ppllc.com/,Principia Partners LLC,
http://cirrus-nexus.com/,Cirrus Nexus,
https://www.dragonmetrics.com/,Dragon Metrics,
https://nyshex.com/,New York Shipping Exchange,
http://hello.theresidesk.com/,ResiDesk,
http://linqlegal.com/,Linq Legal,
http://www.cityhive.net/,City Hive Inc.,
https://www.jobdiva.com/,JobDiva Inc.,
https://www.smarterbusinessprocesses.com/,Smarter Business Processes,
https://www.artsystems.com/,"Artsystems, Inc.",
http://www.edicomgroup.com/,Edicom USA,
http://energisticsllc.com/,Energistics LLC,
https://atomgrants.com/,Atom Grants,
https://www.prontohousing.com/,Pronto Housing,
https://covercy.com/,Covercy,
http://www.tripkicks.com/,Tripkicks,
http://www.ocean7.com/,Ocean-7,
https://www.googleadservices.com/pagead/aclk?sa=L&ai=DChcSEwi9yPD7y_aGAxVPBgYAHfa-DUoYABAHGgJ3cw&ase=2&gclid=EAIaIQobChMIvcjw-8v2hgMVTwYGAB32vg1KEBAYASAAEgIVYfD_BwE&ohost=www.google.com&cid=CAASEuRotjqcZnaeOu10SIOAf4kjrA&sig=AOD64_2sHb1QUZlg-n37HfCzMUzEh1_C2Q&q=&nis=4&ctype=99&ved=2ahUKEwiDkOn7y_aGAxUeevEDHXnuDjI4eBCErAF6BAgxEA4&adurl=,Baker Tilly,
https://www.googleadservices.com/pagead/aclk?sa=L&ai=DChcSEwi9yPD7y_aGAxVPBgYAHfa-DUoYABAAGgJ3cw&ase=2&gclid=EAIaIQobChMIvcjw-8v2hgMVTwYGAB32vg1KEBAYAiAAEgKPifD_BwE&ohost=www.google.com&cid=CAASEuRotjqcZnaeOu10SIOAf4kjrA&sig=AOD64_34Eu6-XLfGY6mGULtEAtLykVSZKg&q=&nis=4&ctype=99&ved=2ahUKEwiDkOn7y_aGAxUeevEDHXnuDjI4eBCErAF6BAgxEB4&adurl=,Canas Solutions,
http://activationstore.com/,ACTIVATIONSTORE,
http://www.ppllc.com/,Principia Partners LLC,
http://cirrus-nexus.com/,Cirrus Nexus,
https://www.dragonmetrics.com/,Dragon Metrics,
https://nyshex.com/,New York Shipping Exchange,
http://hello.theresidesk.com/,ResiDesk,
https://www.googleadservices.com/pagead/aclk?sa=L&ai=DChcSEwjptvWdzPaGAxWzbEECHVYpDgkYABAHGgJ3cw&ase=2&gclid=EAIaIQobChMI6bb1ncz2hgMVs2xBAh1WKQ4JEBAYASAAEgJND_D_BwE&ohost=www.google.com&cid=CAASEuRowAuW2zY9PXsEPytT4l6hYA&sig=AOD64_1kmFZxc1cwPBeprPhow-OGzAYIJg&q=&nis=4&ctype=99&ved=2ahUKEwiAr-6dzPaGAxVtcfEDHThYAt44eBCErAF6BAgcEA4&adurl=,Baker Tilly,
https://www.googleadservices.com/pagead/aclk?sa=L&ai=DChcSEwjptvWdzPaGAxWzbEECHVYpDgkYABAAGgJ3cw&ase=2&gclid=EAIaIQobChMI6bb1ncz2hgMVs2xBAh1WKQ4JEBAYAiAAEgJEMPD_BwE&ohost=www.google.com&cid=CAASEuRowAuW2zY9PXsEPytT4l6hYA&sig=AOD64_2nOCF3KayqCCJNdWMG5ApE18eCWA&q=&nis=4&ctype=99&ved=2ahUKEwiAr-6dzPaGAxVtcfEDHThYAt44eBCErAF6BAgcEB4&adurl=,Lifeline Technology Solutions,
http://activationstore.com/,ACTIVATIONSTORE,
http://www.ppllc.com/,Principia Partners LLC,
http://cirrus-nexus.com/,Cirrus Nexus,
https://www.dragonmetrics.com/,Dragon Metrics,
https://nyshex.com/,New York Shipping Exchange,
http://hello.theresidesk.com/,ResiDesk,
http://linqlegal.com/,Linq Legal,
http://www.cityhive.net/,City Hive Inc.,
https://www.jobdiva.com/,JobDiva Inc.,
https://www.smarterbusinessprocesses.com/,Smarter Business Processes,
https://www.artsystems.com/,"Artsystems, Inc.",
http://www.edicomgroup.com/,Edicom USA,
http://energisticsllc.com/,Energistics LLC,
https://atomgrants.com/,Atom Grants,
https://www.prontohousing.com/,Pronto Housing,
https://covercy.com/,Covercy,
http://www.tripkicks.com/,Tripkicks,
http://www.ocean7.com/,Ocean-7,
https://www.googleadservices.com/pagead/aclk?sa=L&ai=DChcSEwjptvWdzPaGAxWzbEECHVYpDgkYABAHGgJ3cw&ase=2&gclid=EAIaIQobChMI6bb1ncz2hgMVs2xBAh1WKQ4JEBAYASAAEgJND_D_BwE&ohost=www.google.com&cid=CAASEuRowAuW2zY9PXsEPytT4l6hYA&sig=AOD64_1kmFZxc1cwPBeprPhow-OGzAYIJg&q=&nis=4&ctype=99&ved=2ahUKEwiAr-6dzPaGAxVtcfEDHThYAt44eBCErAF6BAgcEA4&adurl=,Baker Tilly,
https://www.googleadservices.com/pagead/aclk?sa=L&ai=DChcSEwjptvWdzPaGAxWzbEECHVYpDgkYABAAGgJ3cw&ase=2&gclid=EAIaIQobChMI6bb1ncz2hgMVs2xBAh1WKQ4JEBAYAiAAEgJEMPD_BwE&ohost=www.google.com&cid=CAASEuRowAuW2zY9PXsEPytT4l6hYA&sig=AOD64_2nOCF3KayqCCJNdWMG5ApE18eCWA&q=&nis=4&ctype=99&ved=2ahUKEwiAr-6dzPaGAxVtcfEDHThYAt44eBCErAF6BAgcEB4&adurl=,Lifeline Technology Solutions,
http://activationstore.com/,ACTIVATIONSTORE,
http://www.ppllc.com/,Principia Partners LLC,
http://cirrus-nexus.com/,Cirrus Nexus,
,,recurso-2-copy@3x.png
,,khursh@northstarplus.com
,,bef25b3d9b2f47239e8bfd2d7e0f2159@sentry.io
,,learning@bakertilly.com
,,Roadnight-taylor-logo@2x.webp
,,Roadnight-taylor-logo@2x-300x300.webp
,,hello@tripkicks.com
